snapshot_epoch,position,max_prob,entropy,top5_acc,topk_tokens
1,0,0.4700295627117157,2.6789841651916504,0.25,"[1537, 9955, 1995, 281, 734]"
1,1,0.4007714092731476,2.8645434379577637,0.25,"[1537, 9955, 281, 1995, 510]"
1,2,0.41590744256973267,3.2196037769317627,0.375,"[9955, 1537, 1995, 281, 734]"
1,3,0.27587223052978516,3.8218469619750977,0.125,"[9955, 1537, 1995, 281, 734]"
1,4,0.3195981979370117,3.341827154159546,0.5,"[1537, 9955, 612, 1995, 281]"
1,5,0.29161337018013,3.891848564147949,0.25,"[1537, 9955, 711, 734, 1995]"
1,6,0.2883811295032501,3.495361328125,0.125,"[9955, 1537, 281, 1995, 734]"
1,7,0.3927954435348511,3.1473991870880127,0.25,"[9955, 1537, 711, 1310, 983]"
1,8,0.2571282982826233,3.8633949756622314,0.125,"[1537, 9955, 711, 1995, 281]"
1,9,0.25766435265541077,3.7562663555145264,0.125,"[1537, 9955, 711, 1995, 281]"
1,10,0.25314846634864807,3.9444286823272705,0.0,"[1537, 9955, 511, 1550, 281]"
1,11,0.28350868821144104,3.656306028366089,0.375,"[1537, 9955, 511, 281, 711]"
1,12,0.28605085611343384,3.870018482208252,0.125,"[9955, 711, 281, 1995, 1537]"
1,13,0.30589041113853455,4.20858097076416,0.0,"[9955, 711, 1537, 1995, 983]"
1,14,0.308033287525177,3.454456329345703,0.0,"[711, 9955, 1537, 281, 1995]"
1,15,0.23582302033901215,4.1421356201171875,0.125,"[9955, 1537, 711, 281, 1995]"
1,16,0.299604594707489,3.881535768508911,0.0,"[9955, 711, 1537, 281, 1995]"
1,17,0.26271840929985046,4.156717777252197,0.125,"[711, 9955, 983, 1310, 1537]"
1,18,0.17247268557548523,4.81583833694458,0.25,"[9955, 711, 511, 281, 1537]"
1,19,0.23706364631652832,4.704585552215576,0.0,"[9955, 511, 1537, 711, 1995]"
1,20,0.21661831438541412,4.3740081787109375,0.25,"[9955, 1537, 511, 1550, 711]"
1,21,0.2502663731575012,4.297540664672852,0.125,"[711, 9955, 286, 1995, 511]"
1,22,0.20169062912464142,4.16520881652832,0.125,"[9955, 1537, 711, 1995, 511]"
1,23,0.29127535223960876,4.31803035736084,0.375,"[9955, 711, 511, 1537, 281]"
1,24,0.2498246729373932,4.312403202056885,0.125,"[711, 9955, 511, 983, 5156]"
1,25,0.17864513397216797,5.1275787353515625,0.0,"[9955, 511, 711, 1537, 5156]"
1,26,0.16164609789848328,5.005347728729248,0.0,"[1537, 281, 711, 9955, 813]"
1,27,0.2433895319700241,4.543428421020508,0.125,"[9955, 711, 281, 5156, 1537]"
1,28,0.19183212518692017,4.523412227630615,0.0,"[9955, 711, 281, 11040, 511]"
1,29,0.2253081351518631,4.602723598480225,0.125,"[711, 9955, 983, 11040, 511]"
1,30,0.18864667415618896,4.933988094329834,0.125,"[711, 511, 281, 9955, 1537]"
1,31,0.2663939595222473,4.348369598388672,0.125,"[9955, 711, 1995, 511, 983]"
1,32,0.29365214705467224,4.394288539886475,0.0,"[711, 466, 5156, 7301, 511]"
1,33,0.14396950602531433,5.344399929046631,0.0,"[711, 1537, 983, 281, 9955]"
1,34,0.1568259596824646,5.340400695800781,0.125,"[711, 5156, 9955, 511, 466]"
1,35,0.13706906139850616,5.486297130584717,0.25,"[711, 813, 3619, 9955, 281]"
1,36,0.2458134889602661,4.652930736541748,0.0,"[711, 511, 983, 9955, 1550]"
1,37,0.2829062342643738,4.875810146331787,0.25,"[9955, 511, 813, 711, 5156]"
1,38,0.1912274956703186,5.003396987915039,0.25,"[9955, 711, 983, 511, 1995]"
1,39,0.22476676106452942,4.85761022567749,0.0,"[711, 511, 9955, 5156, 983]"
1,40,0.16639509797096252,5.287548065185547,0.0,"[9955, 711, 983, 1537, 8531]"
1,41,0.18225346505641937,5.094036102294922,0.125,"[711, 813, 9955, 11311, 983]"
1,42,0.22787240147590637,4.644606590270996,0.0,"[711, 983, 511, 5156, 1995]"
1,43,0.11567902565002441,5.697349548339844,0.25,"[711, 511, 9955, 129, 983]"
1,44,0.23178593814373016,4.5470991134643555,0.0,"[711, 511, 9955, 286, 983]"
1,45,0.24395108222961426,4.23969841003418,0.25,"[711, 983, 511, 5156, 9955]"
1,46,0.2537268102169037,4.967966079711914,0.125,"[5156, 9955, 711, 8531, 11040]"
1,47,0.11968018859624863,5.467617034912109,0.125,"[711, 11311, 11040, 286, 5156]"
1,48,0.13858304917812347,5.591609954833984,0.125,"[511, 983, 9955, 711, 5156]"
1,49,0.15439358353614807,5.565415859222412,0.125,"[711, 511, 9955, 983, 1995]"
1,50,0.11855083703994751,5.971941947937012,0.125,"[711, 9955, 511, 22772, 983]"
1,51,0.14622345566749573,5.357378959655762,0.0,"[9955, 711, 511, 5156, 22772]"
1,52,0.16550368070602417,5.347894668579102,0.125,"[711, 983, 5156, 9955, 14899]"
1,53,0.08442684262990952,6.214023590087891,0.0,"[511, 11311, 983, 5156, 7703]"
1,54,0.1343516856431961,5.968326568603516,0.0,"[5156, 741, 11311, 1135, 17876]"
1,55,0.1085292249917984,5.561215877532959,0.0,"[511, 711, 9955, 983, 5156]"
1,56,0.12017960101366043,5.595917701721191,0.125,"[711, 9955, 511, 983, 129]"
1,57,0.09715743362903595,6.422467231750488,0.0,"[9955, 11311, 711, 6164, 983]"
1,58,0.07743099331855774,6.230119228363037,0.125,"[711, 983, 22772, 3348, 813]"
1,59,0.12127827107906342,6.060831546783447,0.0,"[711, 5156, 7301, 8531, 466]"
1,60,0.12161006033420563,5.605688095092773,0.0,"[711, 983, 9955, 5156, 511]"
1,61,0.07074899971485138,6.441570281982422,0.125,"[711, 511, 7301, 3348, 20935]"
1,62,0.18119896948337555,5.620614528656006,0.0,"[711, 7301, 466, 905, 5156]"
1,63,0.044855449348688126,8.007753372192383,0.125,"[5156, 6282, 741, 4900, 25451]"
2,0,0.5406363606452942,2.0092239379882812,0.75,"[2402, 612, 561, 13, 11]"
2,1,0.3342449367046356,2.975240707397461,0.75,"[257, 13, 11, 284, 561]"
2,2,0.5694599747657776,2.0855743885040283,0.75,"[640, 13, 287, 290, 4950]"
2,3,0.22341012954711914,3.5891826152801514,0.375,"[11, 612, 13, 290, 373]"
2,4,0.2345830798149109,3.664445638656616,0.5,"[612, 262, 290, 13, 618]"
2,5,0.20429658889770508,3.911224842071533,0.5,"[373, 262, 13, 561, 290]"
2,6,0.30828040838241577,3.393711566925049,0.625,"[257, 13, 845, 262, 284]"
2,7,0.21743829548358917,3.959407091140747,0.25,"[1310, 13, 640, 1263, 262]"
2,8,0.1257031261920929,4.388489723205566,0.125,"[13, 561, 262, 11, 290]"
2,9,0.13238000869750977,4.1938347816467285,0.25,"[13, 290, 284, 262, 11]"
2,10,0.19351693987846375,4.154746055603027,0.125,"[198, 13, 1375, 679, 561]"
2,11,0.21353553235530853,3.865232229232788,0.25,"[13, 262, 290, 11, 373]"
2,12,0.11514334380626678,4.545362949371338,0.0,"[13, 561, 284, 11, 373]"
2,13,0.15278306603431702,4.59407377243042,0.375,"[13, 11, 290, 262, 351]"
2,14,0.11729589849710464,4.6322174072265625,0.25,"[13, 3952, 290, 6766, 995]"
2,15,0.10809704661369324,4.858699798583984,0.25,"[13, 262, 290, 11, 561]"
2,16,0.12056253850460052,4.802865982055664,0.375,"[13, 262, 290, 11, 373]"
2,17,0.08170069009065628,5.04421854019165,0.125,"[640, 13, 11, 262, 290]"
2,18,0.12281245738267899,4.773998737335205,0.375,"[618, 561, 13, 262, 290]"
2,19,0.07819613814353943,5.249850749969482,0.25,"[13, 262, 290, 351, 11]"
2,20,0.10211576521396637,4.973875045776367,0.25,"[198, 3198, 13, 1375, 262]"
2,21,0.07372001558542252,5.253378868103027,0.125,"[13, 262, 11, 561, 290]"
2,22,0.15689325332641602,4.674183368682861,0.25,"[11, 13, 561, 284, 290]"
2,23,0.057890087366104126,5.415842533111572,0.0,"[612, 475, 262, 290, 618]"
2,24,0.0983944907784462,5.008882999420166,0.0,"[13, 284, 290, 561, 262]"
2,25,0.10996361076831818,5.0947747230529785,0.375,"[13, 3198, 284, 290, 11]"
2,26,0.08580951392650604,5.162861347198486,0.25,"[612, 475, 262, 618, 290]"
2,27,0.09715591371059418,5.1663713455200195,0.0,"[262, 13, 11, 290, 561]"
2,28,0.059619296342134476,5.273162364959717,0.25,"[13, 262, 290, 284, 561]"
2,29,0.07034353166818619,5.650868892669678,0.5,"[290, 13, 262, 11, 284]"
2,30,0.10996709018945694,5.105381011962891,0.375,"[262, 618, 290, 475, 13]"
2,31,0.11328904330730438,5.168328762054443,0.375,"[11, 262, 13, 290, 284]"
2,32,0.0827789455652237,5.334113597869873,0.125,"[262, 467, 711, 787, 1037]"
2,33,0.0905742347240448,5.043253421783447,0.0,"[6766, 262, 3952, 13, 290]"
2,34,0.0772797241806984,5.290497303009033,0.25,"[262, 13, 3198, 290, 11]"
2,35,0.07340515404939651,5.2837629318237305,0.375,"[475, 366, 290, 262, 612]"
2,36,0.072621189057827,5.428855895996094,0.5,"[95, 13, 290, 11, 561]"
2,37,0.08142628520727158,5.298301696777344,0.25,"[13, 290, 11, 262, 26391]"
2,38,0.10654252767562866,5.254792213439941,0.25,"[11, 13, 262, 290, 561]"
2,39,0.08039569109678268,5.375168323516846,0.25,"[262, 11, 3198, 13, 290]"
2,40,0.04506010189652443,6.31992769241333,0.25,"[11, 13, 407, 290, 262]"
2,41,0.0821467861533165,5.666877269744873,0.25,"[561, 11, 13, 290, 284]"
2,42,0.07379045337438583,5.502899646759033,0.125,"[26391, 11, 13, 290, 618]"
2,43,0.07080189138650894,5.7721662521362305,0.125,"[262, 11, 13, 561, 290]"
2,44,0.09533465653657913,5.40689754486084,0.25,"[13, 290, 11, 262, 284]"
2,45,0.12156693637371063,5.516076564788818,0.375,"[284, 13, 290, 11, 2613]"
2,46,0.06113653630018234,5.720776557922363,0.125,"[13, 284, 290, 262, 11]"
2,47,0.1318541020154953,5.30650520324707,0.375,"[11, 262, 284, 13, 290]"
2,48,0.07188044488430023,5.779139518737793,0.125,"[13, 262, 11, 290, 561]"
2,49,0.06126521900296211,5.768285751342773,0.375,"[26391, 13, 618, 290, 11]"
2,50,0.05061011388897896,6.292924880981445,0.25,"[262, 13, 11, 290, 284]"
2,51,0.07696051895618439,6.139476299285889,0.0,"[198, 13, 290, 11, 262]"
2,52,0.07115635275840759,5.685537338256836,0.125,"[11, 13, 640, 290, 262]"
2,53,0.043515995144844055,6.317021369934082,0.0,"[290, 13, 262, 618, 11]"
2,54,0.07229000329971313,6.035362243652344,0.125,"[11, 284, 262, 13, 3198]"
2,55,0.07831145823001862,5.654771327972412,0.25,"[13, 290, 11, 262, 284]"
2,56,0.05734192952513695,6.246054649353027,0.125,"[11, 13, 290, 561, 2877]"
2,57,0.05888906866312027,5.625974655151367,0.125,"[13, 290, 262, 1422, 284]"
2,58,0.08571045100688934,5.976714611053467,0.5,"[3952, 6766, 995, 1353, 2323]"
2,59,0.09057106077671051,5.790506839752197,0.25,"[13, 290, 262, 284, 561]"
2,60,0.13397473096847534,5.304152488708496,0.5,"[13, 11, 262, 290, 3198]"
2,61,0.10083982348442078,5.586081027984619,0.375,"[284, 13, 290, 845, 561]"
2,62,0.06753590703010559,6.528994560241699,0.125,"[711, 1445, 467, 1037, 4483]"
2,63,0.09061744809150696,6.086566925048828,0.375,"[284, 3809, 13, 290, 262]"
3,0,0.6711360216140747,1.53954017162323,0.75,"[2402, 612, 711, 11040, 1310]"
3,1,0.363153874874115,3.404811143875122,0.625,"[257, 1310, 1115, 262, 11040]"
3,2,0.5494001507759094,2.37363862991333,0.625,"[640, 1310, 1862, 1402, 4950]"
3,3,0.31805676221847534,3.1388020515441895,0.375,"[612, 11, 262, 373, 1995]"
3,4,0.44584664702415466,2.858726978302002,0.625,"[612, 2402, 11040, 475, 262]"
3,5,0.269493043422699,3.962329387664795,0.625,"[373, 262, 547, 711, 734]"
3,6,0.2455568015575409,3.8757472038269043,0.5,"[257, 1115, 11040, 1995, 12008]"
3,7,0.2380429208278656,4.087275505065918,0.5,"[1310, 1862, 1402, 2513, 1263]"
3,8,0.16382621228694916,4.566544532775879,0.375,"[612, 711, 2402, 262, 1995]"
3,9,0.11556273698806763,4.668516159057617,0.0,"[262, 373, 287, 11, 711]"
3,10,0.22165225446224213,4.0723724365234375,0.75,"[1375, 1119, 679, 3887, 1881]"
3,11,0.14923132956027985,4.479806423187256,0.5,"[262, 373, 257, 11, 612]"
3,12,0.10571037232875824,4.801827430725098,0.125,"[1995, 612, 373, 262, 640]"
3,13,0.1148286685347557,4.941987037658691,0.5,"[262, 6576, 11, 1995, 4950]"
3,14,0.13873104751110077,4.798065662384033,0.125,"[3952, 13546, 11376, 1115, 262]"
3,15,0.1339082419872284,4.855849266052246,0.25,"[262, 373, 1524, 1110, 612]"
3,16,0.08553098142147064,5.244068145751953,0.5,"[262, 373, 1524, 11, 257]"
3,17,0.1108308881521225,5.245492935180664,0.125,"[1402, 640, 1263, 1310, 2513]"
3,18,0.15304642915725708,5.005441188812256,0.375,"[257, 373, 262, 1995, 11040]"
3,19,0.14312204718589783,4.929357051849365,0.125,"[262, 7348, 373, 6576, 2982]"
3,20,0.16292215883731842,4.82352352142334,0.625,"[1375, 1119, 1881, 679, 198]"
3,21,0.11950144171714783,4.957635402679443,0.375,"[1110, 257, 262, 11, 1995]"
3,22,0.2185651957988739,4.560201644897461,0.375,"[11, 257, 262, 13, 1995]"
3,23,0.19049176573753357,5.016952037811279,0.375,"[612, 475, 257, 262, 366]"
3,24,0.10329420864582062,4.938903331756592,0.25,"[262, 257, 373, 2982, 11]"
3,25,0.0947704017162323,5.151589393615723,0.25,"[11, 262, 373, 607, 257]"
3,26,0.16481049358844757,4.60626745223999,0.125,"[612, 366, 475, 262, 673]"
3,27,0.09492376446723938,5.365962028503418,0.25,"[11, 262, 257, 1115, 1110]"
3,28,0.12256371974945068,4.884389877319336,0.25,"[257, 262, 11, 13, 373]"
3,29,0.12999263405799866,4.8382463455200195,0.625,"[262, 11, 257, 373, 13]"
3,30,0.1368953287601471,4.887823104858398,0.375,"[612, 262, 475, 673, 11]"
3,31,0.1754947006702423,4.615179061889648,0.25,"[11, 257, 262, 13, 1110]"
3,32,0.10319048166275024,5.262407302856445,0.375,"[262, 257, 13, 373, 287]"
3,33,0.08989670872688293,5.312342643737793,0.25,"[11376, 3952, 262, 13546, 11]"
3,34,0.11913303285837173,4.82444429397583,0.25,"[262, 11, 257, 13, 373]"
3,35,0.14011436700820923,4.991407871246338,0.375,"[612, 366, 475, 673, 262]"
3,36,0.11238684505224228,5.127506256103516,0.625,"[11, 262, 257, 13, 373]"
3,37,0.13120755553245544,5.197070598602295,0.125,"[262, 373, 257, 11, 13]"
3,38,0.11474567651748657,5.279204368591309,0.25,"[262, 257, 11, 1995, 612]"
3,39,0.11920832097530365,5.135939598083496,0.5,"[262, 257, 373, 11, 198]"
3,40,0.12336897104978561,5.29526424407959,0.375,"[257, 262, 11, 1995, 29252]"
3,41,0.06779710203409195,5.828352451324463,0.25,"[11, 607, 373, 262, 3772]"
3,42,0.09712754189968109,5.273127555847168,0.25,"[11, 257, 262, 13, 1995]"
3,43,0.12451834976673126,5.113190650939941,0.375,"[262, 257, 1995, 1524, 12008]"
3,44,0.19428889453411102,4.46835470199585,0.5,"[11, 262, 13, 257, 290]"
3,45,0.27603617310523987,4.034945011138916,0.5,"[11, 13, 373, 262, 257]"
3,46,0.17771905660629272,4.7714667320251465,0.375,"[11, 262, 13, 257, 607]"
3,47,0.16878995299339294,4.727921009063721,0.375,"[11, 198, 13, 373, 257]"
3,48,0.1252872794866562,5.121434688568115,0.25,"[262, 257, 1995, 11, 373]"
3,49,0.13197734951972961,5.0042405128479,0.375,"[11, 257, 262, 373, 1995]"
3,50,0.1286206692457199,5.30707311630249,0.25,"[257, 262, 1524, 1115, 1375]"
3,51,0.12446818500757217,5.409211158752441,0.25,"[11, 1115, 262, 12008, 257]"
3,52,0.09562080353498459,5.28444766998291,0.25,"[11, 262, 13, 257, 373]"
3,53,0.06619656085968018,5.804656982421875,0.25,"[262, 373, 1110, 607, 9161]"
3,54,0.16204914450645447,4.72263240814209,0.375,"[11, 13, 198, 257, 284]"
3,55,0.09682267904281616,5.17906379699707,0.25,"[11, 257, 262, 13, 1110]"
3,56,0.13851678371429443,5.260974884033203,0.25,"[257, 11, 262, 1115, 13]"
3,57,0.09137614071369171,5.126106262207031,0.375,"[257, 262, 11, 13, 607]"
3,58,0.12408848851919174,4.896577835083008,0.25,"[11376, 3952, 373, 11, 6766]"
3,59,0.15930961072444916,4.633413314819336,0.5,"[11, 13, 262, 257, 373]"
3,60,0.2599496841430664,4.022160053253174,0.25,"[257, 262, 11, 13, 1110]"
3,61,0.19130292534828186,4.563896656036377,0.375,"[257, 284, 11, 1110, 13]"
3,62,0.06382615119218826,6.197822570800781,0.0,"[711, 262, 1011, 7301, 1064]"
3,63,0.10946546494960785,5.4195075035095215,0.25,"[11, 198, 13, 257, 679]"
4,0,0.2517167925834656,3.165069818496704,0.625,"[2402, 612, 734, 257, 2933]"
4,1,0.6488893628120422,1.5592211484909058,0.625,"[257, 13, 290, 11, 373]"
4,2,0.5378343462944031,2.178060531616211,0.625,"[640, 257, 1402, 1310, 734]"
4,3,0.3355959355831146,2.8521504402160645,0.375,"[11, 257, 612, 13, 373]"
4,4,0.2845558822154999,3.0837321281433105,0.5,"[612, 257, 290, 13, 11]"
4,5,0.4576563537120819,2.4563486576080322,0.375,"[373, 257, 13, 547, 290]"
4,6,0.600469708442688,1.9979426860809326,0.625,"[257, 734, 13, 290, 2933]"
4,7,0.32036712765693665,3.2229866981506348,0.25,"[1310, 2933, 257, 1402, 13]"
4,8,0.26105135679244995,3.334218978881836,0.375,"[257, 2933, 13, 11, 290]"
4,9,0.256736159324646,3.0548853874206543,0.25,"[13, 373, 257, 290, 11]"
4,10,0.30471885204315186,2.814578056335449,0.375,"[679, 1119, 383, 198, 1375]"
4,11,0.22221247851848602,3.7774603366851807,0.375,"[13, 257, 290, 679, 373]"
4,12,0.24034370481967926,3.6586458683013916,0.25,"[373, 257, 11, 2933, 13]"
4,13,0.23419320583343506,3.651273250579834,0.125,"[11, 13, 290, 257, 373]"
4,14,0.14261206984519958,4.26894474029541,0.125,"[13, 290, 257, 11, 284]"
4,15,0.25487375259399414,3.2369186878204346,0.375,"[13, 11, 373, 290, 262]"
4,16,0.22880981862545013,3.508187770843506,0.5,"[11, 257, 13, 373, 290]"
4,17,0.23972107470035553,3.5221738815307617,0.25,"[257, 1402, 1310, 13, 290]"
4,18,0.3534761369228363,3.283395528793335,0.375,"[257, 373, 13, 290, 262]"
4,19,0.2609708607196808,3.7471137046813965,0.25,"[13, 257, 11, 290, 262]"
4,20,0.19953705370426178,3.6589300632476807,0.625,"[198, 679, 1119, 1881, 383]"
4,21,0.17805138230323792,4.192599773406982,0.125,"[257, 13, 2933, 11, 290]"
4,22,0.22210067510604858,3.944385290145874,0.375,"[11, 257, 13, 290, 339]"
4,23,0.25128352642059326,3.5939435958862305,0.5,"[257, 290, 11, 13, 262]"
4,24,0.1818123310804367,3.993976593017578,0.375,"[257, 13, 11, 373, 290]"
4,25,0.12302054464817047,4.1698737144470215,0.375,"[13, 11, 198, 373, 262]"
4,26,0.1988772749900818,3.789093017578125,0.25,"[262, 290, 13, 11, 475]"
4,27,0.18629957735538483,4.296842098236084,0.125,"[13, 11, 262, 257, 290]"
4,28,0.1419111043214798,4.646937847137451,0.25,"[257, 262, 13, 290, 339]"
4,29,0.13129499554634094,4.869617462158203,0.375,"[198, 257, 13, 679, 290]"
4,30,0.2363724708557129,3.671405792236328,0.375,"[262, 290, 13, 475, 257]"
4,31,0.25738024711608887,3.664008855819702,0.125,"[11, 257, 262, 13, 290]"
4,32,0.12077262997627258,4.986441612243652,0.25,"[262, 13, 257, 290, 11]"
4,33,0.08705823123455048,5.515599727630615,0.125,"[3952, 1295, 539, 2818, 13]"
4,34,0.1774180829524994,3.986933469772339,0.25,"[13, 11, 262, 373, 290]"
4,35,0.153752863407135,4.756564617156982,0.375,"[262, 13, 290, 475, 673]"
4,36,0.1180051863193512,4.767819404602051,0.5,"[11, 262, 13, 290, 198]"
4,37,0.1732422560453415,4.1793646812438965,0.125,"[13, 262, 290, 11, 257]"
4,38,0.12344793975353241,5.321142196655273,0.125,"[8151, 11, 262, 257, 13]"
4,39,0.0903838723897934,5.430199146270752,0.125,"[13, 262, 290, 11, 284]"
4,40,0.20563308894634247,4.46929407119751,0.5,"[257, 11, 13, 262, 290]"
4,41,0.12302133440971375,5.04271125793457,0.375,"[11, 257, 373, 13, 290]"
4,42,0.2193305641412735,3.834298849105835,0.375,"[13, 11, 257, 262, 290]"
4,43,0.13500691950321198,4.879343032836914,0.5,"[679, 8151, 11, 198, 257]"
4,44,0.26964476704597473,3.604651927947998,0.5,"[198, 11, 13, 290, 262]"
4,45,0.29987722635269165,3.3278145790100098,0.5,"[11, 13, 198, 284, 262]"
4,46,0.15574835240840912,4.970224380493164,0.375,"[39072, 262, 11, 13, 290]"
4,47,0.13128192722797394,6.22407341003418,0.25,"[39072, 7911, 11, 26926, 11499]"
4,48,0.10043288767337799,6.091458320617676,0.375,"[11, 13, 262, 290, 679]"
4,49,0.0983869731426239,5.581145763397217,0.375,"[13, 11, 198, 373, 262]"
4,50,0.052391767501831055,6.067818641662598,0.25,"[198, 679, 262, 13, 8151]"
4,51,0.2571914494037628,5.252814292907715,0.25,"[198, 1, 464, 1537, 13]"
4,52,0.10663827508687973,5.594962120056152,0.125,"[11, 13, 262, 257, 284]"
4,53,0.05702169984579086,6.951840400695801,0.0,"[4193, 47153, 4391, 2332, 8975]"
4,54,0.06390701234340668,5.930430889129639,0.125,"[11, 679, 284, 13, 2332]"
4,55,0.23802155256271362,3.8950328826904297,0.125,"[13, 11, 262, 257, 290]"
4,56,0.14724984765052795,5.427226543426514,0.25,"[11, 13, 198, 290, 679]"
4,57,0.17263248562812805,4.72527551651001,0.375,"[262, 257, 13, 290, 198]"
4,58,0.17960679531097412,4.810601234436035,0.375,"[3952, 7714, 2818, 13, 24817]"
4,59,0.16617441177368164,4.784457206726074,0.25,"[262, 13, 198, 290, 257]"
4,60,0.22942884266376495,3.7724955081939697,0.375,"[13, 198, 262, 11, 257]"
4,61,0.1196492612361908,5.062364101409912,0.375,"[284, 198, 11, 13, 257]"
4,62,0.11121349036693573,5.526477813720703,0.125,"[262, 13, 198, 373, 11]"
4,63,0.08822888135910034,5.6498870849609375,0.125,"[4193, 39072, 679, 2332, 13]"
5,0,0.3877823054790497,3.121845245361328,0.375,"[612, 2402, 198, 1110, 257]"
5,1,0.37519124150276184,3.221231698989868,0.375,"[257, 284, 1110, 2712, 13]"
5,2,0.3834777772426605,3.119025945663452,0.5,"[640, 257, 284, 3932, 1995]"
5,3,0.33920973539352417,3.4429807662963867,0.25,"[11, 612, 284, 2712, 13]"
5,4,0.32041555643081665,3.3222460746765137,0.125,"[612, 257, 1110, 262, 2712]"
5,5,0.2565329074859619,3.9267489910125732,0.125,"[373, 284, 257, 547, 13]"
5,6,0.38034871220588684,3.168951988220215,0.375,"[257, 523, 284, 2712, 845]"
5,7,0.24808858335018158,3.9526586532592773,0.25,"[1310, 13, 257, 262, 11]"
5,8,0.22315910458564758,4.291100978851318,0.125,"[198, 284, 464, 1, 3198]"
5,9,0.21427255868911743,4.100403308868408,0.125,"[607, 284, 198, 262, 13]"
5,10,0.2529762387275696,3.8265817165374756,0.25,"[198, 679, 632, 1375, 1881]"
5,11,0.26857736706733704,3.878910779953003,0.0,"[198, 257, 262, 1110, 13]"
5,12,0.14849862456321716,4.154468059539795,0.125,"[284, 13, 373, 607, 6151]"
5,13,0.2048436403274536,4.255467414855957,0.375,"[1110, 13, 262, 607, 340]"
5,14,0.16902804374694824,4.710054874420166,0.125,"[11376, 3952, 13, 1660, 20710]"
5,15,0.19791045784950256,4.220859050750732,0.125,"[1110, 284, 13, 262, 607]"
5,16,0.2572832405567169,4.1901984214782715,0.25,"[198, 284, 262, 13, 607]"
5,17,0.24459458887577057,4.306154251098633,0.125,"[13, 11, 711, 290, 1310]"
5,18,0.24479466676712036,4.034773349761963,0.25,"[262, 13, 257, 340, 607]"
5,19,0.1696910560131073,4.592964172363281,0.25,"[13, 284, 262, 198, 607]"
5,20,0.22987036406993866,4.133159160614014,0.0,"[198, 679, 1881, 383, 1375]"
5,21,0.16834208369255066,4.675121307373047,0.0,"[257, 284, 262, 13, 607]"
5,22,0.24380835890769958,4.125131607055664,0.125,"[11, 284, 198, 13, 262]"
5,23,0.15852627158164978,4.6671600341796875,0.0,"[612, 257, 475, 290, 366]"
5,24,0.1582287847995758,5.117365837097168,0.0,"[284, 13, 607, 262, 340]"
5,25,0.1357291042804718,4.962449550628662,0.0,"[198, 3198, 464, 1, 38582]"
5,26,0.1449914574623108,4.680120944976807,0.125,"[262, 257, 475, 13, 673]"
5,27,0.1224074438214302,4.871065616607666,0.0,"[284, 257, 262, 13, 198]"
5,28,0.1595948189496994,4.803011417388916,0.25,"[284, 198, 262, 257, 13]"
5,29,0.2403174638748169,4.243462562561035,0.0,"[198, 257, 262, 13, 284]"
5,30,0.14723119139671326,4.684721946716309,0.125,"[262, 607, 257, 13, 340]"
5,31,0.19472792744636536,4.712399482727051,0.125,"[13, 11, 262, 607, 284]"
5,32,0.20746482908725739,4.6399664878845215,0.125,"[2652, 711, 2648, 467, 198]"
5,33,0.21127107739448547,4.970021724700928,0.0,"[3996, 4268, 6193, 15121, 1660]"
5,34,0.18143196403980255,4.718033790588379,0.125,"[284, 198, 607, 2648, 13]"
5,35,0.16490334272384644,4.973311901092529,0.125,"[262, 257, 13, 475, 366]"
5,36,0.12796799838542938,5.5596442222595215,0.25,"[198, 95, 284, 2953, 3198]"
5,37,0.17550912499427795,4.81895637512207,0.125,"[198, 13, 284, 26391, 262]"
5,38,0.16064691543579102,5.14095401763916,0.0,"[13, 340, 262, 607, 284]"
5,39,0.26453423500061035,4.383581638336182,0.125,"[198, 464, 3198, 284, 1]"
5,40,0.15628138184547424,5.077479839324951,0.25,"[262, 13, 714, 11, 407]"
5,41,0.14393186569213867,5.356346130371094,0.125,"[198, 607, 340, 1110, 13]"
5,42,0.08757434040307999,5.508495330810547,0.125,"[284, 13, 26391, 11, 340]"
5,43,0.13121706247329712,5.133687496185303,0.125,"[11, 198, 262, 607, 13]"
5,44,0.1962715983390808,4.263313293457031,0.25,"[198, 13, 284, 340, 290]"
5,45,0.1981562077999115,4.713608741760254,0.125,"[198, 3198, 1, 284, 464]"
5,46,0.2595919668674469,4.7506608963012695,0.375,"[198, 284, 607, 2953, 2990]"
5,47,0.16181251406669617,4.947144031524658,0.375,"[198, 22940, 262, 2648, 3285]"
5,48,0.11927244812250137,5.626354694366455,0.0,"[13, 198, 2652, 1820, 531]"
5,49,0.10600800812244415,5.767925262451172,0.25,"[13, 284, 607, 11, 340]"
5,50,0.16665178537368774,5.317642688751221,0.0,"[198, 284, 11, 262, 13]"
5,51,0.21046733856201172,4.763841152191162,0.0,"[198, 13, 83, 11, 1820]"
5,52,0.1562335193157196,4.9384918212890625,0.25,"[198, 1620, 6070, 23967, 9839]"
5,53,0.1249411404132843,5.650944232940674,0.0,"[198, 13, 607, 2953, 340]"
5,54,0.06745659559965134,6.547061443328857,0.125,"[198, 284, 22940, 262, 464]"
5,55,0.20669451355934143,4.6162919998168945,0.0,"[284, 198, 13, 607, 340]"
5,56,0.14361867308616638,5.445501804351807,0.0,"[13, 531, 340, 262, 607]"
5,57,0.1533786505460739,5.394477844238281,0.0,"[198, 284, 340, 607, 13]"
5,58,0.14461851119995117,5.595361709594727,0.125,"[4314, 6193, 23249, 3420, 1028]"
5,59,0.14305268228054047,5.5432024002075195,0.125,"[262, 198, 607, 43, 2648]"
5,60,0.19441041350364685,4.966724872589111,0.125,"[198, 2953, 2491, 1775, 13787]"
5,61,0.18985609710216522,4.655514240264893,0.25,"[284, 13, 11, 257, 198]"
5,62,0.1006319597363472,5.685112476348877,0.0,"[711, 2648, 7301, 262, 2652]"
5,63,0.10224156081676483,5.53879976272583,0.125,"[198, 284, 11, 13, 607]"
6,0,0.35281217098236084,3.2591745853424072,0.5,"[2402, 13990, 373, 4074, 262]"
6,1,0.2615446448326111,3.882068157196045,0.5,"[257, 13990, 4074, 284, 373]"
6,2,0.4667282700538635,3.1027204990386963,0.375,"[13990, 4074, 373, 6568, 547]"
6,3,0.2989233434200287,3.931994676589966,0.5,"[11, 612, 13990, 788, 373]"
6,4,0.3628401756286621,3.74259352684021,0.75,"[612, 373, 4074, 1223, 11735]"
6,5,0.25651776790618896,4.3634819984436035,0.5,"[373, 13990, 547, 788, 6568]"
6,6,0.1853621006011963,4.020204067230225,0.5,"[13990, 257, 788, 4074, 284]"
6,7,0.13546256721019745,4.853920936584473,0.125,"[13990, 4074, 6568, 983, 373]"
6,8,0.19890102744102478,4.33149528503418,0.25,"[13990, 1100, 2402, 1223, 423]"
6,9,0.10298749804496765,4.924283981323242,0.25,"[788, 373, 13990, 13, 262]"
6,10,0.16442330181598663,4.330846309661865,0.5,"[679, 383, 1375, 632, 1119]"
6,11,0.15336069464683533,4.587704181671143,0.5,"[373, 13, 262, 290, 284]"
6,12,0.14379525184631348,4.5001702308654785,0.25,"[13990, 6568, 373, 43634, 788]"
6,13,0.12170157581567764,5.013721942901611,0.25,"[13990, 788, 6568, 4074, 11]"
6,14,0.12792451679706573,5.033631801605225,0.25,"[13990, 4252, 11376, 4074, 6568]"
6,15,0.12055543810129166,5.129988193511963,0.25,"[13990, 788, 13062, 1902, 2402]"
6,16,0.18969276547431946,4.696087837219238,0.25,"[6568, 423, 262, 788, 373]"
6,17,0.14263035356998444,5.253316402435303,0.25,"[13990, 6568, 20518, 3049, 4074]"
6,18,0.20802171528339386,4.836242198944092,0.0,"[13990, 6568, 1737, 788, 20518]"
6,19,0.13327771425247192,5.159603595733643,0.125,"[13990, 788, 813, 13, 290]"
6,20,0.1727461963891983,5.098524570465088,0.0,"[383, 679, 1375, 632, 1881]"
6,21,0.14407052099704742,5.002455234527588,0.125,"[6568, 13990, 788, 1902, 43634]"
6,22,0.0901927575469017,5.267151832580566,0.25,"[11, 13990, 6568, 788, 1902]"
6,23,0.16185621917247772,5.14754581451416,0.375,"[612, 813, 1902, 673, 6568]"
6,24,0.1523425430059433,4.897511959075928,0.0,"[13990, 6568, 28364, 788, 20518]"
6,25,0.14083980023860931,5.307828426361084,0.125,"[13990, 373, 4180, 788, 6568]"
6,26,0.09090641140937805,5.447720527648926,0.125,"[612, 1902, 13990, 788, 673]"
6,27,0.0707058310508728,5.788445949554443,0.25,"[6568, 788, 43634, 1902, 262]"
6,28,0.10977974534034729,5.27103853225708,0.25,"[6568, 788, 262, 13990, 13]"
6,29,0.09484916180372238,5.614702224731445,0.25,"[6568, 788, 262, 290, 13]"
6,30,0.10651164501905441,5.498547554016113,0.5,"[788, 673, 1902, 13990, 475]"
6,31,0.10650855302810669,5.165559768676758,0.25,"[6568, 13990, 788, 11, 530]"
6,32,0.06870114058256149,5.91977071762085,0.0,"[423, 467, 6568, 13990, 2652]"
6,33,0.06170043721795082,6.213333606719971,0.125,"[13990, 11376, 4252, 20518, 3650]"
6,34,0.11062014102935791,5.3482160568237305,0.125,"[788, 13990, 43634, 6568, 262]"
6,35,0.11864572018384933,5.280701637268066,0.25,"[813, 788, 13990, 673, 475]"
6,36,0.10221276432275772,5.486008167266846,0.25,"[13990, 6568, 20518, 788, 95]"
6,37,0.08534733206033707,5.794162750244141,0.25,"[13990, 28364, 813, 20518, 1737]"
6,38,0.07698826491832733,5.69539737701416,0.25,"[13990, 1737, 20518, 6568, 788]"
6,39,0.08312489837408066,5.759352684020996,0.5,"[241, 13990, 262, 788, 6568]"
6,40,0.10020427405834198,5.795932292938232,0.125,"[6568, 13990, 28364, 788, 4074]"
6,41,0.06520095467567444,6.154681205749512,0.25,"[813, 13990, 6568, 1902, 10102]"
6,42,0.12742283940315247,5.433323383331299,0.5,"[788, 20518, 13990, 26391, 6568]"
6,43,0.11204234510660172,5.222498416900635,0.375,"[20518, 13990, 1902, 8151, 4168]"
6,44,0.16562743484973907,5.042354583740234,0.375,"[13990, 20518, 788, 13, 11]"
6,45,0.23408013582229614,4.392326354980469,0.25,"[6568, 788, 13, 43634, 373]"
6,46,0.13159038126468658,5.005748748779297,0.25,"[6568, 788, 28364, 813, 3049]"
6,47,0.16075365245342255,5.3874711990356445,0.125,"[13990, 1737, 5895, 20518, 43634]"
6,48,0.12434983253479004,5.301815986633301,0.125,"[19695, 13990, 1737, 20518, 33577]"
6,49,0.09571108222007751,5.804288864135742,0.125,"[788, 20518, 13990, 14441, 4074]"
6,50,0.0768367126584053,6.35739803314209,0.125,"[1902, 1737, 20518, 6568, 43634]"
6,51,0.09402845799922943,5.6715168952941895,0.25,"[20518, 13990, 82, 28364, 12436]"
6,52,0.09911143034696579,5.72273588180542,0.125,"[813, 6568, 3049, 2402, 43634]"
6,53,0.06310322135686874,6.347116947174072,0.0,"[13990, 28364, 813, 20518, 1737]"
6,54,0.06452550739049911,6.049588203430176,0.0,"[788, 13990, 20518, 1902, 6568]"
6,55,0.1106080636382103,5.604733467102051,0.375,"[788, 20518, 26391, 13990, 6568]"
6,56,0.05701373144984245,6.4300537109375,0.125,"[20518, 1902, 1737, 13990, 4727]"
6,57,0.12242552638053894,5.559569358825684,0.25,"[13990, 788, 35822, 20518, 1902]"
6,58,0.1506611555814743,5.332172870635986,0.25,"[13990, 20518, 2323, 11376, 1737]"
6,59,0.09067051112651825,5.660516738891602,0.125,"[788, 6568, 13990, 43634, 262]"
6,60,0.15805169939994812,5.013019561767578,0.375,"[13990, 20518, 1085, 4727, 1902]"
6,61,0.1668754518032074,5.494263172149658,0.125,"[788, 6568, 1737, 20518, 284]"
6,62,0.057154878973960876,6.398036956787109,0.0,"[788, 423, 6568, 14441, 2652]"
6,63,0.09312812238931656,6.24467658996582,0.125,"[28364, 19695, 12436, 13990, 6565]"
7,0,0.48803961277008057,2.39866304397583,0.5,"[2402, 1881, 679, 3887, 612]"
7,1,0.3329808712005615,3.258527994155884,0.125,"[2402, 1881, 1444, 19092, 3887]"
7,2,0.5690310001373291,2.4894895553588867,0.375,"[640, 2402, 19092, 813, 1310]"
7,3,0.26073479652404785,3.690108299255371,0.5,"[612, 2402, 11, 813, 20345]"
7,4,0.3573259711265564,3.483189105987549,0.375,"[612, 2402, 813, 20345, 475]"
7,5,0.3790016770362854,3.450770139694214,0.625,"[813, 373, 2402, 35254, 5615]"
7,6,0.30382391810417175,3.688371419906616,0.375,"[2576, 2933, 1110, 1444, 257]"
7,7,0.29841411113739014,3.796912908554077,0.375,"[442, 1310, 2402, 1881, 40377]"
7,8,0.20282459259033203,4.236919403076172,0.125,"[1, 1537, 198, 464, 2402]"
7,9,0.18561145663261414,4.562124252319336,0.125,"[1444, 508, 2402, 8855, 19092]"
7,10,0.2260650098323822,4.309590816497803,0.5,"[1881, 679, 3887, 1375, 632]"
7,11,0.24814674258232117,4.409438610076904,0.375,"[2576, 40, 2657, 19092, 2318]"
7,12,0.23875275254249573,4.426027297973633,0.125,"[2402, 35254, 813, 2576, 717]"
7,13,0.192024827003479,4.994822978973389,0.0,"[2402, 19092, 32443, 6616, 3881]"
7,14,0.21078583598136902,4.560075283050537,0.25,"[6616, 4291, 5434, 19230, 813]"
7,15,0.15433624386787415,5.1330108642578125,0.0,"[1110, 813, 612, 20345, 2402]"
7,16,0.14594997465610504,5.209352493286133,0.375,"[35254, 813, 2925, 14005, 40377]"
7,17,0.14315637946128845,5.07499885559082,0.125,"[1310, 640, 442, 5296, 1588]"
7,18,0.2935684025287628,4.669610977172852,0.25,"[19092, 40377, 5434, 2346, 48083]"
7,19,0.21341678500175476,5.3277201652526855,0.125,"[34488, 813, 12098, 3881, 5434]"
7,20,0.22917282581329346,5.14962100982666,0.125,"[1881, 3887, 1444, 679, 2399]"
7,21,0.19389739632606506,5.282534122467041,0.125,"[1110, 640, 5296, 40377, 2933]"
7,22,0.16824564337730408,5.236908435821533,0.25,"[11, 1110, 2166, 2576, 5434]"
7,23,0.18828116357326508,5.058135032653809,0.375,"[612, 813, 475, 35254, 2402]"
7,24,0.21483251452445984,5.233992576599121,0.25,"[2126, 900, 8855, 19230, 3881]"
7,25,0.2611747980117798,4.752735614776611,0.125,"[19092, 5434, 2402, 1110, 2627]"
7,26,0.23506581783294678,5.1937408447265625,0.125,"[612, 813, 475, 2402, 31420]"
7,27,0.09737926721572876,6.182491779327393,0.125,"[813, 19230, 2988, 2925, 40663]"
7,28,0.1541530191898346,5.050568580627441,0.375,"[1110, 35254, 2576, 612, 356]"
7,29,0.2248786836862564,5.1255202293396,0.25,"[5434, 2332, 19092, 19230, 5563]"
7,30,0.21865248680114746,4.985065937042236,0.375,"[612, 19092, 475, 1110, 35254]"
7,31,0.21995168924331665,4.867743492126465,0.125,"[1110, 11, 1310, 612, 19092]"
7,32,0.16039633750915527,5.675621509552002,0.0,"[467, 787, 711, 1949, 4483]"
7,33,0.1309254765510559,5.834723949432373,0.25,"[6616, 5434, 1660, 34488, 6766]"
7,34,0.19981148838996887,5.151226997375488,0.25,"[2126, 11, 1110, 4291, 8855]"
7,35,0.16687731444835663,6.182761192321777,0.0,"[2576, 475, 35254, 31420, 612]"
7,36,0.24579694867134094,5.240400791168213,0.375,"[95, 2166, 4610, 14005, 5434]"
7,37,0.16698956489562988,5.662245750427246,0.25,"[26391, 2576, 781, 1110, 2925]"
7,38,0.21577239036560059,4.995434761047363,0.125,"[8151, 1110, 2166, 5434, 3881]"
7,39,0.1996769905090332,5.6290082931518555,0.25,"[2576, 1444, 2933, 262, 3706]"
7,40,0.2037300169467926,5.31274938583374,0.125,"[5434, 19230, 813, 2061, 34488]"
7,41,0.15542836487293243,5.936374187469482,0.125,"[813, 19230, 5581, 8567, 5434]"
7,42,0.17572355270385742,5.530969142913818,0.25,"[26391, 1110, 11, 5434, 4291]"
7,43,0.275134414434433,4.836110591888428,0.375,"[129, 8151, 5434, 1110, 3881]"
7,44,0.116893470287323,5.416726112365723,0.375,"[2576, 2933, 11, 2925, 1110]"
7,45,0.30128955841064453,4.185445308685303,0.125,"[11, 1110, 12615, 3881, 1965]"
7,46,0.2028418779373169,5.402774810791016,0.25,"[2166, 2988, 1973, 48083, 1110]"
7,47,0.13770708441734314,6.055644512176514,0.125,"[19230, 1680, 5434, 2726, 3881]"
7,48,0.23987065255641937,5.242541313171387,0.375,"[781, 1525, 2008, 6873, 1444]"
7,49,0.1749897003173828,5.4154486656188965,0.125,"[1110, 5434, 26391, 3881, 19092]"
7,50,0.15923403203487396,5.83986234664917,0.125,"[129, 19230, 15894, 813, 8151]"
7,51,0.12937620282173157,5.752676010131836,0.125,"[1110, 6616, 2576, 2933, 5434]"
7,52,0.19800208508968353,5.686718463897705,0.125,"[1110, 11, 2576, 31420, 3751]"
7,53,0.21683833003044128,5.2668657302856445,0.125,"[813, 1110, 3881, 10481, 2657]"
7,54,0.15354105830192566,5.846433639526367,0.0,"[19230, 2166, 4610, 13810, 14005]"
7,55,0.2150135040283203,5.077070713043213,0.25,"[26391, 11, 1110, 5309, 1327]"
7,56,0.16596311330795288,5.3818464279174805,0.0,"[15894, 2726, 19230, 5434, 129]"
7,57,0.17583702504634857,5.623526096343994,0.25,"[2576, 2166, 19230, 5296, 15647]"
7,58,0.23714816570281982,5.174806118011475,0.25,"[6616, 4291, 5434, 34488, 14361]"
7,59,0.33527565002441406,4.865234375,0.625,"[1110, 3881, 4610, 1633, 2126]"
7,60,0.24424690008163452,4.37354850769043,0.375,"[1110, 2576, 284, 11, 3706]"
7,61,0.2830253541469574,4.060851573944092,0.375,"[284, 900, 19230, 781, 2531]"
7,62,0.1520957499742508,5.832468509674072,0.0,"[1949, 711, 1064, 766, 4483]"
7,63,0.11541470885276794,5.9741668701171875,0.25,"[2126, 3881, 900, 2925, 19092]"
8,0,0.3321853280067444,2.6728038787841797,0.25,"[373, 612, 16453, 2402, 6151]"
8,1,0.3410451412200928,3.0921711921691895,0.375,"[257, 373, 6151, 5615, 44193]"
8,2,0.5053474307060242,2.3879165649414062,0.25,"[640, 373, 3881, 16453, 9272]"
8,3,0.30589720606803894,3.581953287124634,0.0,"[373, 6151, 16453, 612, 550]"
8,4,0.2653471529483795,3.8422598838806152,0.25,"[612, 16453, 373, 257, 2460]"
8,5,0.27405810356140137,3.8272385597229004,0.25,"[373, 5615, 6151, 257, 16453]"
8,6,0.30018988251686096,3.8361129760742188,0.25,"[257, 1165, 281, 6155, 373]"
8,7,0.14001290500164032,4.788040637969971,0.125,"[15800, 640, 373, 16453, 1310]"
8,8,0.14109940826892853,4.688722133636475,0.375,"[16453, 373, 617, 597, 3706]"
8,9,0.17759788036346436,4.528692245483398,0.25,"[373, 6151, 5615, 3706, 13]"
8,10,0.28132256865501404,4.452075004577637,0.25,"[373, 5615, 16453, 3887, 13]"
8,11,0.23629505932331085,4.486200332641602,0.25,"[373, 257, 13, 5615, 550]"
8,12,0.2386985719203949,4.391097068786621,0.25,"[373, 6151, 5615, 1973, 16453]"
8,13,0.11416276544332504,5.681346893310547,0.0,"[373, 1973, 6151, 13, 329]"
8,14,0.1891307383775711,4.880747318267822,0.125,"[2323, 3952, 2877, 11376, 6766]"
8,15,0.14410775899887085,5.172657012939453,0.0,"[373, 6151, 16453, 329, 5615]"
8,16,0.14803041517734528,5.392066955566406,0.375,"[373, 257, 5615, 6151, 617]"
8,17,0.12360828369855881,5.0606865882873535,0.125,"[640, 373, 3881, 3200, 617]"
8,18,0.12220954895019531,5.201212406158447,0.25,"[373, 257, 16453, 6151, 1422]"
8,19,0.1619580090045929,5.171144962310791,0.125,"[373, 16453, 5615, 7405, 329]"
8,20,0.1075284481048584,5.285271167755127,0.5,"[3887, 1881, 679, 383, 1119]"
8,21,0.15660983324050903,5.270157337188721,0.125,"[257, 373, 16453, 635, 44193]"
8,22,0.11282328516244888,5.508563041687012,0.25,"[11, 257, 329, 373, 13]"
8,23,0.12338878214359283,5.513330936431885,0.125,"[257, 373, 612, 617, 3409]"
8,24,0.05400684475898743,6.054019451141357,0.25,"[1422, 284, 373, 13, 26473]"
8,25,0.12077973037958145,5.323175430297852,0.125,"[373, 625, 5615, 16453, 13]"
8,26,0.11858252435922623,5.3373565673828125,0.125,"[612, 373, 257, 475, 16453]"
8,27,0.13030187785625458,5.447152137756348,0.125,"[373, 257, 16453, 635, 617]"
8,28,0.10828746855258942,5.05525016784668,0.125,"[257, 373, 5615, 13, 329]"
8,29,0.14659138023853302,5.16500186920166,0.25,"[373, 257, 13, 290, 340]"
8,30,0.13788726925849915,5.360658168792725,0.25,"[612, 257, 475, 339, 262]"
8,31,0.17632810771465302,4.847710609436035,0.0,"[257, 373, 329, 13, 11]"
8,32,0.14227445423603058,5.354811668395996,0.125,"[1064, 262, 711, 466, 467]"
8,33,0.16221307218074799,5.148427963256836,0.125,"[2323, 9753, 3952, 11376, 2877]"
8,34,0.10513849556446075,5.304234027862549,0.25,"[373, 13, 625, 329, 1088]"
8,35,0.1066858097910881,5.368043422698975,0.0,"[257, 612, 373, 475, 523]"
8,36,0.158939927816391,5.28100061416626,0.25,"[95, 373, 262, 13, 257]"
8,37,0.14451132714748383,5.160702705383301,0.0,"[1110, 257, 373, 13, 290]"
8,38,0.1619395911693573,5.175319194793701,0.125,"[8151, 373, 257, 129, 16453]"
8,39,0.1399770975112915,5.453892707824707,0.375,"[373, 241, 257, 329, 5615]"
8,40,0.12569363415241241,5.269478797912598,0.25,"[257, 329, 1110, 373, 13]"
8,41,0.09037797898054123,5.597357749938965,0.25,"[373, 257, 329, 1110, 13]"
8,42,0.10943984240293503,5.55473518371582,0.25,"[257, 329, 373, 1110, 13]"
8,43,0.14161181449890137,5.680898666381836,0.5,"[373, 8151, 257, 129, 617]"
8,44,0.14594237506389618,4.9532623291015625,0.5,"[13, 373, 329, 290, 257]"
8,45,0.23970982432365417,4.513615608215332,0.25,"[373, 617, 329, 257, 625]"
8,46,0.12686654925346375,5.493750095367432,0.25,"[373, 329, 13, 257, 625]"
8,47,0.18181824684143066,5.006704807281494,0.125,"[373, 262, 13, 314, 546]"
8,48,0.17899693548679352,5.067866325378418,0.125,"[1110, 1820, 13, 329, 546]"
8,49,0.11125436425209045,5.85124397277832,0.125,"[373, 257, 329, 617, 1735]"
8,50,0.2040191888809204,4.912563323974609,0.125,"[373, 257, 8151, 262, 1110]"
8,51,0.11828161776065826,5.414595127105713,0.25,"[1110, 373, 257, 13, 625]"
8,52,0.13292329013347626,5.540075302124023,0.25,"[373, 1521, 625, 329, 617]"
8,53,0.12424271553754807,5.330595016479492,0.0,"[373, 1110, 329, 1521, 625]"
8,54,0.14173932373523712,5.211042881011963,0.0,"[314, 13, 625, 262, 373]"
8,55,0.17907005548477173,5.232677459716797,0.25,"[1110, 13, 329, 290, 1820]"
8,56,0.1118130087852478,5.633442401885986,0.125,"[257, 1110, 13, 373, 262]"
8,57,0.11102081835269928,5.73072624206543,0.25,"[257, 281, 284, 262, 373]"
8,58,0.1477339267730713,5.918665885925293,0.25,"[2323, 4324, 8222, 625, 10752]"
8,59,0.1910366266965866,5.031166076660156,0.25,"[262, 13, 340, 290, 607]"
8,60,0.16396677494049072,5.056345462799072,0.25,"[1775, 1110, 257, 1820, 625]"
8,61,0.12423740327358246,5.406960487365723,0.25,"[284, 257, 788, 1110, 13]"
8,62,0.09776902943849564,5.777250289916992,0.125,"[1110, 307, 262, 711, 1064]"
8,63,0.08727076649665833,5.499685764312744,0.25,"[257, 373, 13, 625, 262]"
9,0,0.5368818640708923,1.9636667966842651,0.625,"[2402, 612, 373, 3706, 5615]"
9,1,0.5234090685844421,2.10823130607605,0.75,"[257, 3706, 373, 1444, 13]"
9,2,0.5362369418144226,2.3018014430999756,0.625,"[640, 1310, 257, 389, 547]"
9,3,0.3135054409503937,3.0155410766601562,0.5,"[11, 612, 13, 257, 287]"
9,4,0.3777974843978882,2.8678946495056152,0.625,"[612, 257, 287, 508, 13]"
9,5,0.4013030230998993,2.7764317989349365,0.625,"[373, 547, 5615, 257, 13]"
9,6,0.39832836389541626,2.9391839504241943,0.625,"[257, 13, 845, 284, 262]"
9,7,0.30263519287109375,3.481290817260742,0.5,"[1310, 1263, 13, 1862, 1402]"
9,8,0.19731058180332184,3.66859769821167,0.625,"[13, 287, 11, 290, 262]"
9,9,0.19562366604804993,3.726752758026123,0.375,"[13, 284, 11, 287, 290]"
9,10,0.22113963961601257,3.438342809677124,0.75,"[679, 1375, 383, 632, 1119]"
9,11,0.19893261790275574,3.8706910610198975,0.375,"[13, 11, 198, 262, 290]"
9,12,0.22465968132019043,3.47249698638916,0.25,"[13, 11, 284, 287, 290]"
9,13,0.28255775570869446,3.7218165397644043,0.5,"[13, 11, 262, 290, 287]"
9,14,0.17386575043201447,4.205513954162598,0.25,"[3952, 13, 8701, 11376, 6766]"
9,15,0.1941959261894226,4.189540386199951,0.125,"[13, 11, 284, 262, 290]"
9,16,0.19609342515468597,3.900156021118164,0.375,"[13, 11, 262, 284, 290]"
9,17,0.19392147660255432,3.976901054382324,0.125,"[1263, 1310, 13, 11, 287]"
9,18,0.2294623851776123,3.9138708114624023,0.5,"[11, 13, 284, 290, 262]"
9,19,0.20964205265045166,3.895130157470703,0.25,"[13, 11, 284, 262, 290]"
9,20,0.1842333823442459,4.513187885284424,0.25,"[198, 1375, 679, 383, 1881]"
9,21,0.12687572836875916,4.3222808837890625,0.375,"[13, 11, 1110, 284, 262]"
9,22,0.32407790422439575,3.757239580154419,0.375,"[11, 13, 284, 290, 262]"
9,23,0.245951846241951,4.032778739929199,0.5,"[13, 262, 11, 673, 290]"
9,24,0.17565198242664337,4.28926944732666,0.25,"[13, 11, 284, 290, 262]"
9,25,0.13925135135650635,4.649494171142578,0.375,"[13, 11, 284, 198, 290]"
9,26,0.15630625188350677,4.488199234008789,0.125,"[13, 11, 673, 262, 290]"
9,27,0.22999480366706848,4.3136091232299805,0.25,"[13, 11, 262, 284, 290]"
9,28,0.11669734120368958,4.792022705078125,0.25,"[262, 13, 11, 607, 339]"
9,29,0.12048251926898956,4.688523292541504,0.625,"[13, 11, 290, 262, 198]"
9,30,0.1455659419298172,4.352105617523193,0.375,"[262, 13, 607, 11, 366]"
9,31,0.23346365988254547,3.8262338638305664,0.125,"[11, 13, 262, 284, 290]"
9,32,0.1149791032075882,4.993220329284668,0.25,"[262, 13, 1011, 711, 1037]"
9,33,0.08901803940534592,5.3929314613342285,0.25,"[11376, 3952, 13, 338, 8701]"
9,34,0.14251700043678284,4.527895927429199,0.25,"[13, 11, 284, 262, 290]"
9,35,0.09389691799879074,4.958636283874512,0.25,"[13, 262, 366, 673, 11]"
9,36,0.1755567491054535,4.109099864959717,0.5,"[11, 13, 284, 262, 290]"
9,37,0.17319385707378387,4.404515266418457,0.125,"[11, 13, 284, 262, 290]"
9,38,0.14877022802829742,4.54884147644043,0.25,"[11, 13, 284, 262, 290]"
9,39,0.13124915957450867,4.8363189697265625,0.125,"[198, 13, 11, 284, 262]"
9,40,0.10727158188819885,4.981268882751465,0.375,"[11, 13, 284, 262, 290]"
9,41,0.11620178818702698,5.251202583312988,0.25,"[13, 11, 338, 284, 290]"
9,42,0.1825551837682724,4.6606855392456055,0.375,"[11, 284, 13, 290, 340]"
9,43,0.141189306974411,4.958907127380371,0.375,"[11, 13, 284, 262, 129]"
9,44,0.17956359684467316,4.701512336730957,0.5,"[11, 13, 198, 284, 290]"
9,45,0.2499057501554489,3.8969955444335938,0.5,"[11, 284, 13, 262, 290]"
9,46,0.17651982605457306,4.013391971588135,0.375,"[13, 11, 284, 262, 607]"
9,47,0.16606011986732483,4.451064109802246,0.25,"[11, 13, 284, 198, 262]"
9,48,0.22083590924739838,4.320061206817627,0.25,"[13, 11, 284, 262, 290]"
9,49,0.17270126938819885,4.396093368530273,0.375,"[11, 13, 284, 290, 262]"
9,50,0.11874249577522278,5.111056327819824,0.125,"[284, 11, 13, 262, 198]"
9,51,0.1674942970275879,4.687429904937744,0.25,"[198, 13, 11, 284, 290]"
9,52,0.17974916100502014,4.4731340408325195,0.375,"[11, 13, 284, 262, 607]"
9,53,0.11616021394729614,4.9368109703063965,0.25,"[13, 198, 11, 262, 284]"
9,54,0.17341235280036926,4.452892780303955,0.375,"[11, 284, 13, 198, 220]"
9,55,0.13916318118572235,4.490651607513428,0.25,"[11, 13, 284, 262, 290]"
9,56,0.1201733648777008,5.108362674713135,0.25,"[11, 13, 284, 262, 129]"
9,57,0.13605497777462006,4.726607322692871,0.375,"[13, 262, 11, 284, 290]"
9,58,0.13099074363708496,5.079779624938965,0.25,"[3952, 11376, 13, 2323, 338]"
9,59,0.20566928386688232,4.1956682205200195,0.5,"[13, 11, 262, 284, 340]"
9,60,0.2900356352329254,3.4989218711853027,0.25,"[13, 11, 284, 262, 290]"
9,61,0.23429127037525177,4.297552585601807,0.375,"[284, 11, 13, 262, 198]"
9,62,0.10816721618175507,5.37860107421875,0.125,"[1011, 711, 262, 13, 1037]"
9,63,0.12058606743812561,4.848101615905762,0.25,"[284, 13, 607, 338, 262]"
